name,price,link
The Octave Dalmunach 2016 5 Year Old,67.00,https://www.whiskyshop.com/the-octave-dalmunach-2016
The Octave Ardmore 2010 11 Year Old,115.00,https://www.whiskyshop.com/the-octave-ardmore-2010-11-year-old
The Octave Glengarioch 2012 9 Year Old ,99.00,https://www.whiskyshop.com/the-octave-glengarioch-2012-9-year-old
Fettercairn 16 Year Old 2nd Release 2021,69.99,https://www.whiskyshop.com/fettercairn-16-year-old-2nd-release
Pusser's Select Aged 151 Overproof Navy Rum,47.75,https://www.whiskyshop.com/pusser-s-select-aged-151-navy-rum
Lindores Abbey The Casks of Lindores Bourbon,55.00,https://www.whiskyshop.com/lindores-abbey-the-casks-of-lindores-bourbon
Crystal Head Vodka Pride Edition,49.00,https://www.whiskyshop.com/crystal-head-vodka-pride-edition
Glencairn Water Pipette,8.00,https://www.whiskyshop.com/glencairn-water-pipette
Malt Whisky Yearbook 2022,14.95,https://www.whiskyshop.com/malt-whisky-yearbook-2022
Mr Black Coffee Liqueur 20cl,12.00,https://www.whiskyshop.com/mr-black-coffee-liqueur-20cl
Nikka from the Barrel 2 Glass and Speed Pourer Pack,60.00,https://www.whiskyshop.com/nikka-from-the-barrel-2-glass-and-speed-pourer-pack
Rum & Cane Mauritius XO Single Cask Rum Gift Tin,57.00,https://www.whiskyshop.com/mauritius-xo-rum-gift-tin
Winter Berry Light-Up Gin Liqueur Baubles,33.00,https://www.whiskyshop.com/winter-berry-light-up-gin-liqueur-baubles
Dingle Single Malt Batch 5,79.95,https://www.whiskyshop.com/dingle-single-malt-batch-5
Glenfiddich 21 Year Old Chinese New Year Edition 2022,295.00,https://www.whiskyshop.com/glenfiddich-21-year-old-chinese-new-year-edition-2021
Johnnie Walker Blue Label Icons 2.0,160.00,https://www.whiskyshop.com/johnnie-walker-blue-label-icons-2-0
Nikka Days Glass Pack,55.00,https://www.whiskyshop.com/nikka-days-glass-pack
Ardnamurchan Single Malt AD 10.21:06 ,46.00,https://www.whiskyshop.com/ardnamurchan-single-malt-ad-10-21-06
Dingle Christmas Bauble,7.50,https://www.whiskyshop.com/dingle-christmas-bauble
Dingle Four Seasons Gin Gift Pack,45.00,https://www.whiskyshop.com/dingle-four-seasons-gin-gift-pack
Nouaison Gin Negroni Gift Box,65.00,https://www.whiskyshop.com/nouaison-gin-negroni-gift-box
Isle of Raasay Single Malt Batch 2,50.00,https://www.whiskyshop.com/isle-of-raasay-single-malt-batch-2
Tanqueray London Dry Gin Copa Glass Pack,32.95,https://www.whiskyshop.com/tanqueray-london-dry-gin-copa-glass-pack
Johnnie Walker Red Gift Tin,28.00,https://www.whiskyshop.com/johnnie-walker-red-gift-tin
Johnnie Walker Gold Label Cracker Pack,22.00,https://www.whiskyshop.com/johnnie-walker-gold-label-cracker-pack
Johnnie Walker Black Label Gift Pack,38.00,https://www.whiskyshop.com/johnnie-walker-black-label-gift-pack
Johnnie Walker Black Label Gift Pack with 2 Highball Glass,39.00,https://www.whiskyshop.com/johnnie-walker-black-label-gift-pack-with-2-highball-glass
Teeling Stocking Filler Miniature in Jar,12.95,https://www.whiskyshop.com/teeling-stocking-filler-mini-in-jar
Teeling Small Batch Gold Gift Tin with 2 Glasses ,46.95,https://www.whiskyshop.com/teeling-small-batch-gold-gift-tin-with-2-gasses
Glen Moray 2008 Warehouse 1 Manzanilla Finish,74.95,https://www.whiskyshop.com/glen-moray-2008-warhouse-1-manzanilla-finish
Not Socks Again Christmas Whisky Gift Set,30.00,https://www.whiskyshop.com/not-socks-again-whisky-gift-set
Spirit of Christmas Whisky Gift Set,30.00,https://www.whiskyshop.com/spirit-of-christmas-whisky-gift-set
Winter Warmers Whisky Gift Set,30.00,https://www.whiskyshop.com/winter-warmers-whisky-gift-pack
Kyro Gin Tasting Set,20.95,https://www.whiskyshop.com/kyro-gin-tasting-set
Naughty & Nice Whisky Gift Set - Black,30.00,https://www.whiskyshop.com/naughty-nice-whisky-gift-set-black
Naughty & Nice Whisky Gift Set - Blue,30.00,https://www.whiskyshop.com/naughty-nice-whisky-gift-set-blue
Secret Santa Christmas Whisky Gift Set,30.00,https://www.whiskyshop.com/secret-santa-whisky-gift-set
Christmas Crackers Whisky Gift Set,30.00,https://www.whiskyshop.com/christmas-crackers-whisky-gift-pack
Fishing Tackle Whisky Gift Set,30.00,https://www.whiskyshop.com/fishing-tackle-whisky-gift-pack
Bailey's Gift Pack with 2 Espresso Glasses,22.90,https://www.whiskyshop.com/baileys-gift-pack-with-2-espresso-glasses
Starward Unexpeated ,89.00,https://www.whiskyshop.com/starward-unexpeated
Jaffa Cake Trio Gift Set,14.99,https://www.whiskyshop.com/jaffa-cake-trio-gift-set
Bar Humbug Christmas Whisky Gift Set,30.00,https://www.whiskyshop.com/bar-humbug-christmas-whisky-gift-pack
Boring Documents Whisky Gift Set,30.00,https://www.whiskyshop.com/boring-documents-whisky-gift-pack
Cheers Christmas Whisky Gift Set,30.00,https://www.whiskyshop.com/cheers-whisky-gift-pack
Christmas Bow Whisky Gift Set,30.00,https://www.whiskyshop.com/christmas-bow-whisky-gift-pack
Christmas Crackers Gin Gift Set,30.00,https://www.whiskyshop.com/christmas-crackers-gin-gift-pack
Bar Humbug Christmas Gin Gift Set,30.00,https://www.whiskyshop.com/bar-humbug-christmas-gin-gift-pack
Boring Documents Gin Gift Set,30.00,https://www.whiskyshop.com/boring-documents-gin-gift-pack
Cheers Christmas Gin Gift Set,30.00,https://www.whiskyshop.com/cheers-christmas-gin-gift-pack
Christmas Bow Gin Gift Set,30.00,https://www.whiskyshop.com/christmas-bow-gin-gift-pack
Fishing Tackle Gin Gift Set,30.00,https://www.whiskyshop.com/fishing-tackle-gin-gift-pack
Ginius Gin Gift Set,30.00,https://www.whiskyshop.com/ginius-gin-gift-pack
Naughty & Nice Christmas Gin Gift Set - Blue,30.00,https://www.whiskyshop.com/naughty-nice-christmas-gin-gift-pack-blue
Not Socks Again Christmas Gin Gift Set,30.00,https://www.whiskyshop.com/not-socks-christmas-gin-gift-pack
Secret Santa Christmas Gin Gift Set,30.00,https://www.whiskyshop.com/secret-santa-christmas-gin-gift-pack
 Spirit of Christmas Gin Gift Set,30.00,https://www.whiskyshop.com/spirit-of-christmas-gin-gift-pack
Winter Warmers Gin Gift Set,30.00,https://www.whiskyshop.com/winter-warmers-gin-gift-pack
Kraken Black Spiced Rum Unknown Deep Bioluminescence Limited Edition 2021,39.00,https://www.whiskyshop.com/kraken-black-spiced-rum-limited-edition-deep-sea-bioluminescence-2021
Naughty & Nice Christmas Gin Gift Set - Black,30.00,https://www.whiskyshop.com/naughty-nice-christmas-gift-pack-black
Glengoyne 36 Year Old Russell Family Cask,"3,595.00",https://www.whiskyshop.com/glengoyne-36-year-old-russell-family-cask
Bunnahabhain 12 Year Old Cask Strength ,75.00,https://www.whiskyshop.com/bunnahabhain-12-year-old-cask-strength
Kill Devil Rum Barbados Mount Gay 21 Year Old,199.00,https://www.whiskyshop.com/kill-devil-rum-barbados-mount-gay-21-year-old
House of Suntory Japanese Craft Spirits Gift Set,45.00,https://www.whiskyshop.com/house-of-suntory-japanese-craft-spirits-gift-set
First Editions Laphroaig 2004 16 Year Old ,299.00,https://www.whiskyshop.com/first-editions-laphroaig-2004-16-year-old
Kill Devil Rum Barbados Foursquare 14 Year Old,135.00,https://www.whiskyshop.com/kill-devil-rum-barbados-foursquare-14-year-old
Eidolon Port Ellen 1983 36 Year Old,"2,999.00",https://www.whiskyshop.com/eidolon-port-ellen-1983-36-year-old
Old & Rare Magnum Ardbeg 1991 30 Year Old 1.5L,"3,999.00",https://www.whiskyshop.com/magnum-ardbeg-1991-30-year-old
Dalmore 15 Year Old Pedestal Gift Tin,85.00,https://www.whiskyshop.com/dalmore-15-year-old-pedestal-gift-tin
Old Malt Cask Tamdhu 14 Year Old,105.00,https://www.whiskyshop.com/tamdhu-14-year-old-old-malt-cask
Plantation XO 20th Anniversary Tulip Glasses Gift Set,61.89,https://www.whiskyshop.com/plantation-xo-tulip-glasses-pack
Diplomatico Reserva Exclusiva Old Fashioned Glass Gift Set 2021,45.00,https://www.whiskyshop.com/diplomatico-reserva-exclusiva-old-fashioned-glass-pack-2021
Dalmore 12 Year Old Pedestal Gift Tin ,60.00,https://www.whiskyshop.com/dalmore-12-year-old-pedestal-gift-tin
Roku Gin with Floral Bag,36.00,https://www.whiskyshop.com/roku-gin-with-floral-bag
Milk & Honey Sherrywood,64.00,https://www.whiskyshop.com/milk-honey-sherrywood
Lagavulin 26 Year Old Diageo Special Release 2021,"1,650.00",https://www.whiskyshop.com/lagavulin-26yo-diageo-special-release-2021
Starward Single Barrel Red Wine Barrique ,93.00,https://www.whiskyshop.com/starward-single-barrel-red-wine-barrique
Chivas Regal The Icon,"2,250.00",https://www.whiskyshop.com/chivas-regal-the-icon
12 Drams of Christmas 2021 Edition,69.00,https://www.whiskyshop.com/12-drams-of-christmas-2021-edition
Droplet Mixing Spoon Gold,8.99,https://www.whiskyshop.com/droplet-mixing-spoon-gold
Droplet Mixing Spoon Stainless Steel,6.99,https://www.whiskyshop.com/droplet-mixing-spoon-stainless-steel
Tobermory Mountain Gin,32.95,https://www.whiskyshop.com/tobermory-mountain-gin
Strathisla 1985 35 Year Old Private Collection,"1,000.00",https://www.whiskyshop.com/strathisla-1985-private-collection
Bushmills 1991 Madeira Cask ,695.00,https://www.whiskyshop.com/bushmills-1991-causeway-madeira
Bushmills 2000 1st Fill Port Cask,260.00,https://www.whiskyshop.com/bushmills-2000-port-1st-fill-causeway-collection
The Macallan Harmony Collection Rich Cacao,sold out,https://www.whiskyshop.com/the-macallan-harmony-collection-rich-cacao
Northern Dry Gin,40.00,https://www.whiskyshop.com/northern-dry-gin
Bonzer Black Muddler Serrated,11.99,https://www.whiskyshop.com/bonzer-black-muddler-serrated
Glen Scotia 12 Year Old Seasonal Release 2021,74.99,https://www.whiskyshop.com/glen-scotia-seasonal-release-2021
Black Bull 21 Year Old ,99.99,https://www.whiskyshop.com/black-bull-21-year-old
Warner's Christmas Cake Gin 2021,40.00,https://www.whiskyshop.com/warner-s-christmas-cake-gin-2021
Dalmore 25 Year Old 2021,950.00,https://www.whiskyshop.com/dalmore-25-year-old-2021
Kilchoman 100% Islay 11th Edition ,78.00,https://www.whiskyshop.com/kilchoman-100-islay-11th-edition
Hampden Estate 8 Year Old Rum Glass Pack ,64.95,https://www.whiskyshop.com/hampden-estate-8-year-old-rum-glass-pack
Caroni Replica 90 Proof 100th Anniversary ,299.00,https://www.whiskyshop.com/caroni-replica-90-proof-100th-anniversary
Johnnie Walker 18 Year Old Gift Set,87.00,https://www.whiskyshop.com/johnnie-walker-18-year-old-gift-set-with
Beluga Noble Russian Vodka Hiball Glass Gift Pack ,34.95,https://www.whiskyshop.com/beluga-noble-vodka-hiball-glass-gift-pack
Johnnie Walker Gold Gift Set ,57.00,https://www.whiskyshop.com/johnnie-walker-gold-gift-set-2x5cl
Black Bottle Double Cask,25.99,https://www.whiskyshop.com/black-bottle-double-cask
H by Hine VSOP Hiball Glass Pack,42.95,https://www.whiskyshop.com/h-by-hine-vsop-high-ball-glass-pack
